url,wordCount,title,issue,recommendedSections,humanReviewRequired
https://oilandgasclub.com/stress-q-and-a,3,Stress Q and A | Oilandgasclub,SSR returns empty <app-root> / meta-only shell (crawled but not indexed),Intro; definition; applications; examples; FAQs (only if genuine Q&A); conclusion — human review required for engineering accuracy,true
https://www.blog.oilandgasclub.com/Primavera-Training,0,,,Intro; definition; applications; examples; FAQs (only if genuine Q&A); conclusion — human review required for engineering accuracy,true
https://oilandgasclub.com/caesar-software,3,What is Caesar II | Oilandgasclub,SSR returns empty <app-root> / meta-only shell (crawled but not indexed),Intro; definition; applications; examples; FAQs (only if genuine Q&A); conclusion — human review required for engineering accuracy,true
https://oilandgasclub.com/types-of-common-fittings,8,Types of Pipe Fittings and Components for Piping | Oilandgasclub,SSR returns empty <app-root> / meta-only shell (crawled but not indexed),Intro; definition; applications; examples; FAQs (only if genuine Q&A); conclusion — human review required for engineering accuracy,true
https://oilandgasclub.com/non-destructive-testing,4,Non Destructive Testing | Oilandgasclub,SSR returns empty <app-root> / meta-only shell (crawled but not indexed),Intro; definition; applications; examples; FAQs (only if genuine Q&A); conclusion — human review required for engineering accuracy,true
https://oilandgasclub.com/mastering-process-design,8,Mastering Process Design: A Comprehensive Course for Engineers | Oilandgasclub,SSR returns empty <app-root> / meta-only shell (crawled but not indexed),Intro; definition; applications; examples; FAQs (only if genuine Q&A); conclusion — human review required for engineering accuracy,true
https://oilandgasclub.com/a-process-design-course-for-oil-and-gas-professionals,9,A process design course for oil and gas professionals | Oilandgasclub,SSR returns empty <app-root> / meta-only shell (crawled but not indexed),Intro; definition; applications; examples; FAQs (only if genuine Q&A); conclusion — human review required for engineering accuracy,true
https://oilandgasclub.com/flanges-and-types,5,Flanges and types of flanges | Oilandgasclub,SSR returns empty <app-root> / meta-only shell (crawled but not indexed),Intro; definition; applications; examples; FAQs (only if genuine Q&A); conclusion — human review required for engineering accuracy,true
https://oilandgasclub.com/conversion-of-units,3,Conversion of Units | Oilandgasclub,SSR returns empty <app-root> / meta-only shell (crawled but not indexed),Intro; definition; applications; examples; FAQs (only if genuine Q&A); conclusion — human review required for engineering accuracy,true
https://oilandgasclub.com/responsibilities-of-piping-construction-engineers,5,Responsibilities of Piping Construction Engineers | Oilandgasclub,SSR returns empty <app-root> / meta-only shell (crawled but not indexed),Intro; definition; applications; examples; FAQs (only if genuine Q&A); conclusion — human review required for engineering accuracy,true
https://oilandgasclub.com/primavera-training,2,Primavera-Training | Oilandgasclub,SSR returns empty <app-root> / meta-only shell (crawled but not indexed),Intro; definition; applications; examples; FAQs (only if genuine Q&A); conclusion — human review required for engineering accuracy,true
